{
  "hash": "98512300",
  "configHash": "1b13d325",
  "lockfileHash": "9ed7af4a",
  "browserHash": "b4777e7d",
  "optimized": {
    "@angular/common": {
      "src": "../../../../../../node_modules/@angular/common/fesm2022/common.mjs",
      "file": "@angular_common.js",
      "fileHash": "a782f572",
      "needsInterop": false
    },
    "@angular/common/http": {
      "src": "../../../../../../node_modules/@angular/common/fesm2022/http.mjs",
      "file": "@angular_common_http.js",
      "fileHash": "87e65644",
      "needsInterop": false
    },
    "@angular/core": {
      "src": "../../../../../../node_modules/@angular/core/fesm2022/core.mjs",
      "file": "@angular_core.js",
      "fileHash": "19a46446",
      "needsInterop": false
    },
    "@angular/forms": {
      "src": "../../../../../../node_modules/@angular/forms/fesm2022/forms.mjs",
      "file": "@angular_forms.js",
      "fileHash": "b3d8f12b",
      "needsInterop": false
    },
    "@angular/platform-browser": {
      "src": "../../../../../../node_modules/@angular/platform-browser/fesm2022/platform-browser.mjs",
      "file": "@angular_platform-browser.js",
      "fileHash": "51c97aa7",
      "needsInterop": false
    },
    "@angular/platform-browser/animations": {
      "src": "../../../../../../node_modules/@angular/platform-browser/fesm2022/animations.mjs",
      "file": "@angular_platform-browser_animations.js",
      "fileHash": "f00d7866",
      "needsInterop": false
    },
    "@angular/router": {
      "src": "../../../../../../node_modules/@angular/router/fesm2022/router.mjs",
      "file": "@angular_router.js",
      "fileHash": "546f68ae",
      "needsInterop": false
    },
    "@swimlane/ngx-charts": {
      "src": "../../../../../../node_modules/@swimlane/ngx-charts/fesm2022/swimlane-ngx-charts.mjs",
      "file": "@swimlane_ngx-charts.js",
      "fileHash": "885fe681",
      "needsInterop": false
    },
    "rxjs": {
      "src": "../../../../../../node_modules/rxjs/dist/esm5/index.js",
      "file": "rxjs.js",
      "fileHash": "e0b6174e",
      "needsInterop": false
    },
    "rxjs/operators": {
      "src": "../../../../../../node_modules/rxjs/dist/esm5/operators/index.js",
      "file": "rxjs_operators.js",
      "fileHash": "268422a0",
      "needsInterop": false
    }
  },
  "chunks": {
    "chunk-V5AMBJ2G": {
      "file": "chunk-V5AMBJ2G.js"
    },
    "chunk-WASQHDCG": {
      "file": "chunk-WASQHDCG.js"
    },
    "chunk-Z4FPPF4V": {
      "file": "chunk-Z4FPPF4V.js"
    },
    "chunk-YZRC6DX6": {
      "file": "chunk-YZRC6DX6.js"
    },
    "chunk-VRYCZEHD": {
      "file": "chunk-VRYCZEHD.js"
    },
    "chunk-DDIGPSH4": {
      "file": "chunk-DDIGPSH4.js"
    },
    "chunk-PLK54YS6": {
      "file": "chunk-PLK54YS6.js"
    },
    "chunk-476AYJTT": {
      "file": "chunk-476AYJTT.js"
    }
  }
}